{"sections":{"banner":{"type":"main-collection-banner","settings":{"show_collection_description":true,"show_collection_image":false,"color_scheme":"background-1"}},"product-grid":{"type":"main-collection-product-grid","settings":{"products_per_page":16,"columns_desktop":4,"color_scheme":"background-1","image_ratio":"adapt","image_shape":"default","show_secondary_image":false,"show_vendor":false,"show_rating":false,"enable_quick_add":false,"enable_filtering":true,"filter_type":"horizontal","enable_sorting":true,"columns_mobile":"2","padding_top":0,"padding_bottom":36}},"zegsu-alireviews-collection":{"type":"apps","blocks":{"5c095ec5-4cae-48b2-9371-a7087957c7c9":{"type":"shopify:\/\/apps\/alireviews-ali-reviews-app\/blocks\/collection-app-block\/ed1f8756-3ef0-4b52-b2bc-4add334ee46d","settings":{"collection":"","product_per_page":51}}},"block_order":["5c095ec5-4cae-48b2-9371-a7087957c7c9"],"settings":{"include_margins":true}}},"order":["banner","product-grid","zegsu-alireviews-collection"]}