{"sections":{"image-with-text":{"type":"image-with-text","blocks":{"heading":{"type":"heading","settings":{"heading":"<strong>Latest Silk Pillowcases<\/strong>","heading_size":"h2"}},"button":{"type":"button","settings":{"button_label":"Shop Now","button_link":"shopify:\/\/collections\/all","button_style_secondary":false}},"6ec600e9-8246-4933-8552-e1cf83b0c3c5":{"type":"text","settings":{"text":"<h2>                Why Silk Pillowcases?<\/h2><h3>Silk pillowcases are recommended for their potential benefits on skin and hair. Studies suggest that the smooth surface of silk can reduce friction,  minimizing hair breakage and  preventing wrinkles. Dermatologists also propose that silk may be less absorbent than cotton, helping to retain skin moisture. <em><strong> <\/strong><\/em><a href=\"https:\/\/www.ncbi.nlm.nih.gov\/pmc\/articles\/PMC7137929\/\" title=\"Dermatology Reports\"><em><strong>Dermatology Reports<\/strong><\/em><\/a><\/h3>","text_style":"body"}}},"block_order":["heading","button","6ec600e9-8246-4933-8552-e1cf83b0c3c5"],"settings":{"image":"shopify:\/\/shop_images\/Sa7b557f5827146eab6d5cfa3bd40603b3_c75ffd90-828e-4942-ad32-95d923933880.webp","height":"adapt","desktop_image_width":"medium","layout":"image_first","desktop_content_position":"middle","desktop_content_alignment":"center","content_layout":"no-overlap","section_color_scheme":"background-1","color_scheme":"accent-1","image_behavior":"zoom-in","mobile_content_alignment":"center","padding_top":12,"padding_bottom":32}},"featured_collection":{"type":"featured-collection","settings":{"title":"Silk Pillowcases","heading_size":"h2","description":"","show_description":false,"description_style":"body","collection":"all","products_to_show":8,"columns_desktop":4,"full_width":false,"show_view_all":true,"view_all_style":"outline","enable_desktop_slider":false,"color_scheme":"background-1","image_ratio":"adapt","image_shape":"default","show_secondary_image":true,"show_vendor":false,"show_rating":true,"enable_quick_add":true,"columns_mobile":"2","swipe_on_mobile":false,"padding_top":32,"padding_bottom":36}},"142e2372-09a2-4609-abb2-17030c684b88":{"type":"rich-text","blocks":{"template--14838475554882__142e2372-09a2-4609-abb2-17030c684b88-heading-1":{"type":"heading","settings":{"heading":"Talk about your brand","heading_size":"h1"}},"template--14838475554882__142e2372-09a2-4609-abb2-17030c684b88-button-1":{"type":"button","settings":{"button_label":"Button label","button_link":"","button_style_secondary":false,"button_label_2":"","button_link_2":"","button_style_secondary_2":false}}},"block_order":["template--14838475554882__142e2372-09a2-4609-abb2-17030c684b88-heading-1","template--14838475554882__142e2372-09a2-4609-abb2-17030c684b88-button-1"],"settings":{"desktop_content_position":"center","content_alignment":"center","color_scheme":"","full_width":true,"padding_top":40,"padding_bottom":52}},"17006250351d6e02ac":{"type":"apps","blocks":{"b660294d-0eee-417e-9081-951579e10511":{"type":"shopify:\/\/apps\/trustoo-product-reviews-app\/blocks\/card-carousel\/c8f15077-6475-4e86-ad06-b66038d5ba2c","settings":{}}},"block_order":["b660294d-0eee-417e-9081-951579e10511"],"settings":{"include_margins":true}},"a02a1936-a2ec-4211-b46c-f2ab556d019e":{"type":"video","settings":{"heading":"Video","heading_size":"h1","enable_video_looping":false,"video_url":"https:\/\/www.youtube.com\/watch?v=_9VUPq3SxOc","description":"","full_width":false,"color_scheme":"","padding_top":36,"padding_bottom":36}}},"order":["image-with-text","featured_collection","142e2372-09a2-4609-abb2-17030c684b88","17006250351d6e02ac","a02a1936-a2ec-4211-b46c-f2ab556d019e"]}