{"sections":{"main":{"type":"main-product","blocks":{"vendor":{"type":"text","settings":{"text":"","text_style":"body"}},"title":{"type":"title","settings":{}},"zegsu-alireview-title":{"type":"shopify:\/\/apps\/alireviews-ali-reviews-app\/blocks\/product-title-app-block\/ed1f8756-3ef0-4b52-b2bc-4add334ee46d","settings":{"product_id":""}},"price":{"type":"price","settings":{}},"variant_picker":{"type":"variant_picker","settings":{"picker_type":"button"}},"quantity_selector":{"type":"quantity_selector","settings":{}},"buy_buttons":{"type":"buy_buttons","settings":{"show_dynamic_checkout":true,"show_gift_card_recipient":true}},"description":{"type":"description","settings":{}},"share":{"type":"share","settings":{"share_label":"Share"}}},"block_order":["vendor","title","zegsu-alireview-title","price","variant_picker","quantity_selector","buy_buttons","description","share"],"settings":{"enable_sticky_info":true,"color_scheme":"background-1","media_size":"small","constrain_to_viewport":true,"media_fit":"contain","gallery_layout":"thumbnail","media_position":"left","image_zoom":"lightbox","mobile_thumbnails":"hide","hide_variants":false,"enable_video_looping":false,"padding_top":20,"padding_bottom":12}},"related-products":{"type":"related-products","settings":{"heading":"You may also like","heading_size":"h2","products_to_show":4,"columns_desktop":4,"color_scheme":"background-1","image_ratio":"adapt","image_shape":"default","show_secondary_image":false,"show_vendor":false,"show_rating":false,"columns_mobile":"2","padding_top":36,"padding_bottom":36}},"zegsu-alireviews":{"type":"apps","blocks":{"dc9a3606-e208-4377-af70-764eaea240ee":{"type":"shopify:\/\/apps\/alireviews-ali-reviews-app\/blocks\/product-app-block\/ed1f8756-3ef0-4b52-b2bc-4add334ee46d","settings":{"product":"","product_id":""}}},"block_order":["dc9a3606-e208-4377-af70-764eaea240ee"],"settings":{"include_margins":true}}},"order":["main","related-products","zegsu-alireviews"]}